cohort,kind,support,n_cols,divergence
colorectal,real,1098,95,2.1208262528661574
colorectal,real,1011,94,2.5474929521968797
colorectal,real,962,81,1.8802074274707925
colorectal,real,841,99,3.100353838055295
colorectal,real,815,14,1.1811340752590584
colorectal,real,798,100,2.5758222538825453
colorectal,real,793,76,2.576462767140197
colorectal,real,746,96,3.00555913431063
colorectal,real,679,98,2.911112056568601
colorectal,real,603,85,2.7221456998270614
colorectal,real,594,104,1.7323570087446103
colorectal,real,585,95,2.7357861380526445
colorectal,real,575,80,2.494994255398498
colorectal,real,540,100,2.7127523538087104
colorectal,real,525,99,2.847254769237778
colorectal,real,504,99,2.794915500317875
colorectal,real,495,101,2.9054567411115926
colorectal,real,475,82,2.277660382217142
colorectal,real,466,82,2.2731837382405016
colorectal,real,419,16,1.0715023917134614
colorectal,real,358,86,2.6764953053236606
colorectal,real,349,103,2.8996167087120814
colorectal,real,338,105,2.070448755694423
colorectal,real,330,77,2.9029430925202955
colorectal,real,310,77,2.5731779243157873
colorectal,real,301,80,2.423429154481992
colorectal,real,279,86,2.8965106511076777
colorectal,real,276,100,1.9546949201527228
colorectal,real,238,81,2.478011423518584
colorectal,real,232,80,2.6198000594871584
colorectal,real,231,81,2.809458408179864
colorectal,real,225,99,2.78600257247681
colorectal,real,198,104,1.6220376427360228
colorectal,real,187,83,2.7019277367386967
colorectal,real,186,75,2.741049853598043
colorectal,real,183,84,2.020072099706512
colorectal,real,172,79,2.2568442222599474
colorectal,real,172,83,2.913621913346963
colorectal,real,159,97,1.969454119968703
colorectal,real,154,96,2.4346469415080176
colorectal,null,1098,95,2.184144157418299
colorectal,null,1011,94,2.115465281399294
colorectal,null,962,81,2.390585800358766
colorectal,null,841,99,2.4023517655932936
colorectal,null,815,14,1.1929770656459768
colorectal,null,798,100,2.663801425400176
colorectal,null,793,76,2.6684644012046
colorectal,null,746,96,2.7126328231301713
colorectal,null,679,98,3.360041136237102
colorectal,null,603,85,3.156938509898868
colorectal,null,594,104,2.4728064870927895
colorectal,null,585,95,3.228107587306569
colorectal,null,575,80,2.854976221480655
colorectal,null,540,100,2.700750222669888
colorectal,null,525,99,3.2299979456927197
colorectal,null,504,99,2.9865726685299694
colorectal,null,495,101,2.8125973869351295
colorectal,null,475,82,2.801796411117861
colorectal,null,466,82,2.958317899701034
colorectal,null,419,16,1.457413384273605
colorectal,null,358,86,1.841941384878457
colorectal,null,349,103,2.4605968763146864
colorectal,null,338,105,2.839624889424831
colorectal,null,330,77,2.1990859355929473
colorectal,null,310,77,2.7950366493759478
colorectal,null,301,80,2.6370271330725084
colorectal,null,279,86,1.797489225775823
colorectal,null,276,100,2.7136066648155377
colorectal,null,238,81,2.1847633002342173
colorectal,null,232,80,2.0208059739855515
colorectal,null,231,81,2.606400738419823
colorectal,null,225,99,2.048210953728225
colorectal,null,198,104,1.8777298917924987
colorectal,null,187,83,2.256646525940003
colorectal,null,186,75,2.22318874731734
colorectal,null,183,84,2.430819835940579
colorectal,null,172,79,2.108591481530515
colorectal,null,172,83,1.726784526235952
colorectal,null,159,97,2.10410552501064
colorectal,null,154,96,1.9695604489945293
lung,real,1144,94,2.6640843330621986
lung,real,1089,100,1.6135200253033892
lung,real,1052,93,2.6401434019393752
lung,real,1039,80,2.0859649956824864
lung,real,914,86,1.438068113625525
lung,real,906,99,1.8622380130864908
lung,real,840,75,2.333873985114604
lung,real,823,14,1.301570259970311
lung,real,798,81,1.3659891506783866
lung,real,791,99,3.237219490846992
lung,real,790,95,3.2922012482587655
lung,real,756,105,1.9404758500193378
lung,real,722,101,1.971573302279742
lung,real,630,100,1.815086589315956
lung,real,620,94,3.0997951532592025
lung,real,555,98,3.4905721926059643
lung,real,507,87,1.9317031607356283
lung,real,501,81,2.6980595442123296
lung,real,500,104,1.6836747184158878
lung,real,487,100,3.17481408372272
lung,real,483,81,2.5270593891251507
lung,real,451,106,1.4629696615336902
lung,real,433,87,1.5746265277810934
lung,real,420,19,1.0440829883232556
lung,real,344,76,3.1792058184991823
lung,real,323,82,1.4533901162625165
lung,real,320,76,3.002375920757208
lung,real,314,82,1.8469349908176058
lung,real,303,85,1.5145319050334354
lung,real,302,79,2.367648537621821
lung,real,279,99,2.516482765943831
lung,real,272,85,2.0151064085639567
lung,real,270,105,1.3546826105966214
lung,real,270,79,2.82241688095983
lung,real,242,80,1.47829586091467
lung,real,231,98,2.9768547303191673
lung,real,208,104,1.4792602094447531
lung,real,204,74,3.071017813396882
lung,real,187,82,2.8778745175997535
lung,real,181,82,3.1921693513910143
lung,null,1144,94,2.775604951125195
lung,null,1089,100,1.9757535101990533
lung,null,1052,93,2.2994390056583267
lung,null,1039,80,2.678786815736516
lung,null,914,86,2.1939948259849746
lung,null,906,99,2.401626138725133
lung,null,840,75,2.835157203726112
lung,null,823,14,1.3361268409702058
lung,null,798,81,2.436570383894232
lung,null,791,99,2.650905425812486
lung,null,790,95,3.2752617522576775
lung,null,756,105,2.23485194116203
lung,null,722,101,2.290839964682967
lung,null,630,100,3.018560681421199
lung,null,620,94,2.9246267577817076
lung,null,555,98,3.5777277779094923
lung,null,507,87,2.5368862474673066
lung,null,501,81,2.7613577557164715
lung,null,500,104,2.3410698943896033
lung,null,487,100,3.1676399932868278
lung,null,483,81,3.0643476970606796
lung,null,451,106,2.4963851473399497
lung,null,433,87,2.677673989488093
lung,null,420,19,1.575471560263144
lung,null,344,76,3.2817897290517104
lung,null,323,82,1.977982894618521
lung,null,320,76,2.9951208861303504
lung,null,314,82,2.4207623258920163
lung,null,303,85,2.487087530301526
lung,null,302,79,2.878386453571318
lung,null,279,99,2.907721507102239
lung,null,272,85,2.5027145168703284
lung,null,270,79,2.469060809190478
lung,null,270,105,2.0223955322574283
lung,null,242,80,2.0365354849234487
lung,null,231,98,2.3438318243947633
lung,null,208,104,1.8961027807093238
lung,null,204,74,2.5801707278959696
lung,null,187,82,2.144021171730971
lung,null,181,82,1.783238943308903
ovarian,real,2035,99,2.7256297456556524
ovarian,real,1943,98,2.739084473133096
ovarian,real,1797,107,2.960551318704293
ovarian,real,1642,106,3.1948874815030943
ovarian,real,1538,104,2.611099804721978
ovarian,real,1440,100,2.875878714328967
ovarian,real,1321,112,3.324810731133153
ovarian,real,1175,99,2.9124472617960095
ovarian,real,1007,103,2.3593817607187226
ovarian,real,892,105,3.6920799281005916
ovarian,real,840,111,2.9041733070693323
ovarian,real,776,108,3.0605143660665854
ovarian,real,635,107,3.4086677238943173
ovarian,real,588,14,1.0284245444765323
ovarian,real,545,104,3.7418803309654196
ovarian,real,516,104,3.032070520301519
ovarian,real,508,113,3.0142221656972996
ovarian,real,450,103,3.596177500825045
ovarian,real,445,103,3.151400393763027
ovarian,real,416,17,1.3456882282663734
ovarian,real,362,111,3.553801874243326
ovarian,real,337,100,2.962165037744125
ovarian,real,317,109,1.4078212149014278
ovarian,real,305,99,2.7516910627300484
ovarian,real,297,107,1.2341605782150156
ovarian,real,293,104,3.2750150108757503
ovarian,real,292,112,2.587455014432174
ovarian,real,277,108,2.246940121108974
ovarian,real,275,102,3.5351721736574433
ovarian,real,270,96,2.9309355588079367
ovarian,real,247,105,2.469944726291445
ovarian,real,232,101,3.308972788529089
ovarian,real,221,101,2.148714441969351
ovarian,real,213,102,3.0195787105853715
ovarian,real,212,110,2.986259059546725
ovarian,real,212,104,2.493302024057717
ovarian,real,196,108,1.8830368880904698
ovarian,real,191,100,2.8261211741373016
ovarian,real,190,113,1.4204773423133494
ovarian,real,185,107,1.9216421833407051
ovarian,null,2035,99,1.9542190430743858
ovarian,null,1943,98,2.1692664905243686
ovarian,null,1797,107,1.8711940271787182
ovarian,null,1642,106,3.4058573473056906
ovarian,null,1538,104,2.656786869599649
ovarian,null,1440,100,3.020992588664918
ovarian,null,1321,112,3.2289674462006768
ovarian,null,1175,99,3.094606162089265
ovarian,null,1007,103,2.8243426959376303
ovarian,null,892,105,3.7162946490837045
ovarian,null,840,111,3.575423167821572
ovarian,null,776,108,3.8426381382513064
ovarian,null,635,107,3.8953224525400647
ovarian,null,588,14,1.446541800240118
ovarian,null,545,104,3.760297955678003
ovarian,null,516,104,3.204901486883113
ovarian,null,508,113,3.462605703545761
ovarian,null,450,103,3.170771562930378
ovarian,null,445,103,3.1979246746521057
ovarian,null,416,17,2.8342811616072465
ovarian,null,362,111,1.7678316399940188
ovarian,null,337,100,2.703554532617008
ovarian,null,317,109,2.2232428717052697
ovarian,null,305,99,2.0395002978511534
ovarian,null,297,107,2.005463611582767
ovarian,null,293,104,2.4808248591762445
ovarian,null,292,112,2.163933707278571
ovarian,null,277,108,3.175312870538456
ovarian,null,275,102,2.897493604426543
ovarian,null,270,96,2.813707560316934
ovarian,null,247,105,2.305069208618139
ovarian,null,232,101,2.0743818371090823
ovarian,null,221,101,2.2527191141916405
ovarian,null,213,102,1.748470975175304
ovarian,null,212,110,2.4884779924717173
ovarian,null,212,104,2.1293141398502944
ovarian,null,196,108,1.6975309021215779
ovarian,null,191,100,1.9624401176167148
ovarian,null,190,113,2.0374547737317994
ovarian,null,185,107,1.3649220981579286
prostate,real,2180,79,1.6101779314395512
prostate,real,2107,85,2.2224370416868977
prostate,real,1710,80,2.363208560954092
prostate,real,1634,74,2.7708137485314523
prostate,real,1014,13,0.9052059570228038
prostate,real,997,80,1.3977764175700624
prostate,real,966,80,2.0347264645347667
prostate,real,964,86,2.6632880422601835
prostate,real,925,86,1.8661144823438085
prostate,real,699,75,2.732409816830219
prostate,real,643,78,2.346357746219061
prostate,real,640,75,2.2547162267887733
prostate,real,627,84,2.826311591265121
prostate,real,611,78,1.9778866026439188
prostate,real,594,81,2.5237982263138354
prostate,real,580,81,3.1916104559436946
prostate,real,561,84,3.5101490302321645
prostate,real,468,79,3.6259174028909813
prostate,real,446,73,2.5221394241456165
prostate,real,420,16,1.579469465744189
prostate,real,419,81,2.772262646868918
prostate,real,380,81,2.867912258018058
prostate,real,352,87,2.9288761863757733
prostate,real,348,80,2.9761333791589206
prostate,real,346,86,3.242231105566447
prostate,real,340,87,2.8603028045312726
prostate,real,320,81,3.034980095036301
prostate,real,315,79,3.7345746957245565
prostate,real,301,75,2.967904151847251
prostate,real,298,85,2.496992763875447
prostate,real,262,82,2.984050754216813
prostate,real,259,79,2.2074690351291744
prostate,real,259,85,3.4347388099951806
prostate,real,250,76,3.107176379285395
prostate,real,245,79,3.5193862459821887
prostate,real,237,85,1.8565027427813627
prostate,real,217,76,3.3685703995924365
prostate,real,209,74,2.439486001620312
prostate,real,209,85,3.454398302238732
prostate,real,206,80,3.104670411386494
prostate,null,2180,79,1.70974444418237
prostate,null,2107,85,1.9221726755278887
prostate,null,1710,80,1.6177665986013896
prostate,null,1634,74,2.1841484373526368
prostate,null,1014,13,0.8718017428822771
prostate,null,997,80,2.1969139842587277
prostate,null,966,80,2.769741894202032
prostate,null,964,86,2.416072983386576
prostate,null,925,86,2.654134433702393
prostate,null,699,75,2.603734931179649
prostate,null,643,78,2.8101154145913094
prostate,null,640,75,2.6422874679546697
prostate,null,627,84,2.6703526440155474
prostate,null,611,78,3.7668393865051426
prostate,null,594,81,2.5704087769776067
prostate,null,580,81,2.733133523586187
prostate,null,561,84,3.0836487711236784
prostate,null,468,79,3.3522097576861887
prostate,null,446,73,3.737662649916608
prostate,null,420,16,2.196248736013267
prostate,null,419,81,4.130201884151619
prostate,null,380,81,3.258207892650215
prostate,null,352,87,3.298827690635604
prostate,null,348,80,3.829652961276881
prostate,null,346,86,3.5030119052742292
prostate,null,340,87,3.1859173753866976
prostate,null,320,81,3.070449811761286
prostate,null,315,79,3.2770512494170534
prostate,null,301,75,3.2922623765073005
prostate,null,298,85,2.942037665554408
prostate,null,262,82,3.759319161443618
prostate,null,259,79,2.8828791041802084
prostate,null,259,85,2.96873423955063
prostate,null,250,76,2.9446052578800317
prostate,null,245,79,3.3047079049507775
prostate,null,237,85,3.5875118945016307
prostate,null,217,76,3.1270877504217456
prostate,null,209,85,3.047488463737885
prostate,null,209,74,2.6909741228333672
prostate,null,206,80,3.470161523221414
mimic4,real,4568,25,1.2705445560284512
mimic4,real,3996,29,1.2670114241205839
mimic4,real,3012,32,1.6082139039755265
mimic4,real,2642,28,0.9826235450591585
mimic4,real,2295,39,1.7561546517259896
mimic4,real,2261,38,1.3097904036715098
mimic4,real,1868,22,1.4592278579244444
mimic4,real,1681,35,1.3564438759783237
mimic4,real,1446,42,1.6570161811511792
mimic4,real,1287,39,1.9828596244535526
mimic4,real,1107,38,0.944926340291947
mimic4,real,1095,34,1.0398477002172701
mimic4,real,1002,33,2.1578380215923705
mimic4,real,921,26,1.7032625184767494
mimic4,real,882,35,1.1198231302843134
mimic4,real,793,39,1.371990954442067
mimic4,real,769,34,1.977496665927656
mimic4,real,724,32,2.037822524232032
mimic4,real,722,36,1.4278984514828392
mimic4,real,721,2,0.90015995407501
mimic4,real,704,41,1.5249226950189292
mimic4,real,696,29,1.2203107816206922
mimic4,real,674,31,1.5577471956884053
mimic4,real,646,38,1.6591589859518703
mimic4,real,608,33,1.3578933782445912
mimic4,real,601,35,1.248704983140213
mimic4,real,594,36,1.686569751541614
mimic4,real,581,40,1.5686652800131495
mimic4,real,578,26,1.6084482147002546
mimic4,real,577,35,1.500519103260017
mimic4,real,538,30,1.1470916442772712
mimic4,real,521,32,1.4966697192694427
mimic4,real,500,37,1.5450047134367446
mimic4,real,499,37,1.7446822542006015
mimic4,real,499,37,1.8516635279552789
mimic4,real,466,25,1.2601522614416305
mimic4,real,453,26,1.332577208168038
mimic4,real,432,36,2.112614465800506
mimic4,real,403,38,1.7176794109990658
mimic4,real,374,29,1.3642027448508691
mimic4,null,4568,25,0.6381491009610541
mimic4,null,3996,29,1.3052688150978287
mimic4,null,3012,32,0.6254898753287201
mimic4,null,2642,28,1.3232968537173275
mimic4,null,2295,39,1.192239295209908
mimic4,null,2261,38,0.9441256322375082
mimic4,null,1868,22,0.7138235634699329
mimic4,null,1681,35,1.1670922525958964
mimic4,null,1446,42,1.6516096727857958
mimic4,null,1287,39,1.1311598879072549
mimic4,null,1107,38,1.4998335277546655
mimic4,null,1095,34,0.8821368635662225
mimic4,null,1002,33,1.5714249048242641
mimic4,null,921,26,0.7834648060362898
mimic4,null,882,35,1.1908128973933028
mimic4,null,793,39,1.6050060339692709
mimic4,null,769,34,0.9375725560772386
mimic4,null,724,32,0.9291196752079527
mimic4,null,722,36,0.9808413181933466
mimic4,null,721,2,0.6542642583155662
mimic4,null,704,41,1.514630191993919
mimic4,null,696,29,1.0064479269662754
mimic4,null,674,31,1.2791828480682756
mimic4,null,646,38,1.367072246674613
mimic4,null,608,33,1.048267642928474
mimic4,null,601,35,1.3030730791665122
mimic4,null,594,36,1.8535173803753544
mimic4,null,581,40,1.0412690588696225
mimic4,null,578,26,1.2040052720744976
mimic4,null,577,35,1.8845078929002144
mimic4,null,538,30,1.5834817053909225
mimic4,null,521,32,1.5833957597365864
mimic4,null,500,37,1.3892263327676602
mimic4,null,499,37,1.546617044491401
mimic4,null,499,37,1.7851320932837853
mimic4,null,466,25,1.1853984212740858
mimic4,null,453,26,0.8253055205392595
mimic4,null,432,36,1.529805911999175
mimic4,null,403,38,1.1096737201993536
mimic4,null,374,29,1.4270881529790207
